Datetime,Water Level (m)
2025-08-23 06:00:00,0.69845694
2025-08-23 07:00:00,0.22210592
2025-08-23 08:00:00,-0.22918531
2025-08-23 09:00:00,-0.558639
2025-08-23 10:00:00,-0.64676154
2025-08-23 11:00:00,-0.4023271
2025-08-23 12:00:00,0.02107908
2025-08-23 13:00:00,0.5042526
2025-08-23 14:00:00,0.8994037
2025-08-23 15:00:00,1.1499751
2025-08-23 16:00:00,1.1836661
2025-08-23 17:00:00,0.9878172
2025-08-23 18:00:00,0.63531923
2025-08-23 19:00:00,0.20061934
2025-08-23 20:00:00,-0.20559059
2025-08-23 21:00:00,-0.49313867
2025-08-23 22:00:00,-0.5901026
2025-08-23 23:00:00,-0.37410322
2025-08-24 00:00:00,0.041185006
2025-08-24 01:00:00,0.54394054
2025-08-24 02:00:00,1.0024989
2025-08-24 03:00:00,1.3341583
2025-08-24 04:00:00,1.4456812
2025-08-24 05:00:00,1.2814127
2025-08-24 06:00:00,0.9223194
2025-08-24 07:00:00,0.4232656
2025-08-24 08:00:00,-0.06549274
2025-08-24 09:00:00,-0.4515154
2025-08-24 10:00:00,-0.65401685
2025-08-24 11:00:00,-0.54869825
2025-08-24 12:00:00,-0.20195597
2025-08-24 13:00:00,0.24752615
2025-08-24 14:00:00,0.7089171
2025-08-24 15:00:00,1.0651385
2025-08-24 16:00:00,1.2529689
2025-08-24 17:00:00,1.1668476
2025-08-24 18:00:00,0.89078784
2025-08-24 19:00:00,0.46532497
2025-08-24 20:00:00,0.014837215
2025-08-24 21:00:00,-0.35435027
2025-08-24 22:00:00,-0.5701801
2025-08-24 23:00:00,-0.52422285
2025-08-25 00:00:00,-0.18482351
2025-08-25 01:00:00,0.27280533
2025-08-25 02:00:00,0.7693059
2025-08-25 03:00:00,1.166145
2025-08-25 04:00:00,1.3967954
2025-08-25 05:00:00,1.3695996
2025-08-25 06:00:00,1.115777
2025-08-25 07:00:00,0.6990229
2025-08-25 08:00:00,0.20189051
2025-08-25 09:00:00,-0.23847805
2025-08-25 10:00:00,-0.53691673
2025-08-25 11:00:00,-0.60582125
2025-08-25 12:00:00,-0.35742292
2025-08-25 13:00:00,0.052806467
2025-08-25 14:00:00,0.5200644
2025-08-25 15:00:00,0.95112497
2025-08-25 16:00:00,1.2443395
2025-08-25 17:00:00,1.2927084
2025-08-25 18:00:00,1.0966928
2025-08-25 19:00:00,0.7252726
2025-08-25 20:00:00,0.2714634
2025-08-25 21:00:00,-0.14536284
2025-08-25 22:00:00,-0.45044842
2025-08-25 23:00:00,-0.56242526
2025-08-26 00:00:00,-0.34772244
2025-08-26 01:00:00,0.037153963
2025-08-26 02:00:00,0.5027443
2025-08-26 03:00:00,0.95098233
2025-08-26 04:00:00,1.2690462
2025-08-26 05:00:00,1.3754318
2025-08-26 06:00:00,1.2064362
2025-08-26 07:00:00,0.86717975
2025-08-26 08:00:00,0.41370496
2025-08-26 09:00:00,-0.038475607
2025-08-26 10:00:00,-0.38603833
2025-08-26 11:00:00,-0.56962246
2025-08-26 12:00:00,-0.4463244
2025-08-26 13:00:00,-0.104455985
2025-08-26 14:00:00,0.3341862
2025-08-26 15:00:00,0.78251517
2025-08-26 16:00:00,1.1439799
2025-08-26 17:00:00,1.3049434
2025-08-26 18:00:00,1.2190135
2025-08-26 19:00:00,0.9558612
2025-08-26 20:00:00,0.56448346
2025-08-26 21:00:00,0.13718322
2025-08-26 22:00:00,-0.21726231
2025-08-26 23:00:00,-0.43462145
2025-08-27 00:00:00,-0.37383533
2025-08-27 01:00:00,-0.06710091
2025-08-27 02:00:00,0.3365579
2025-08-27 03:00:00,0.7606892
2025-08-27 04:00:00,1.1093115
2025-08-27 05:00:00,1.3002466
2025-08-27 06:00:00,1.2327421
2025-08-27 07:00:00,0.96850914
2025-08-27 08:00:00,0.60358495
2025-08-27 09:00:00,0.17766096
2025-08-27 10:00:00,-0.20349641
2025-08-27 11:00:00,-0.4660482
2025-08-27 12:00:00,-0.49488068
2025-08-27 13:00:00,-0.24918452
2025-08-27 14:00:00,0.114409536
2025-08-27 15:00:00,0.5419181
2025-08-27 16:00:00,0.9181552
2025-08-27 17:00:00,1.181891
2025-08-27 18:00:00,1.2240051
2025-08-27 19:00:00,1.0495402
2025-08-27 20:00:00,0.73230815
2025-08-27 21:00:00,0.34542316
2025-08-27 22:00:00,-0.0006689015
2025-08-27 23:00:00,-0.26946527
2025-08-28 00:00:00,-0.34350634
2025-08-28 01:00:00,-0.15131944
2025-08-28 02:00:00,0.17080256
2025-08-28 03:00:00,0.53825265
2025-08-28 04:00:00,0.88525224
2025-08-28 05:00:00,1.1349336
2025-08-28 06:00:00,1.1881318
2025-08-28 07:00:00,1.0312744
2025-08-28 08:00:00,0.73282355
2025-08-28 09:00:00,0.35631126
2025-08-28 10:00:00,0.0009164969
2025-08-28 11:00:00,-0.28053662
2025-08-28 12:00:00,-0.39915407
2025-08-28 13:00:00,-0.25744602
2025-08-28 14:00:00,0.04551656
2025-08-28 15:00:00,0.4129591
2025-08-28 16:00:00,0.7748334
2025-08-28 17:00:00,1.0632652
2025-08-28 18:00:00,1.2043682
2025-08-28 19:00:00,1.1237578
2025-08-28 20:00:00,0.8903704
2025-08-28 21:00:00,0.58029217
2025-08-28 22:00:00,0.2500505
2025-08-28 23:00:00,-0.01631375
2025-08-29 00:00:00,-0.17824227
2025-08-29 01:00:00,-0.12694682
2025-08-29 02:00:00,0.11282974
2025-08-29 03:00:00,0.4028162
2025-08-29 04:00:00,0.6994826
2025-08-29 05:00:00,0.93765694
2025-08-29 06:00:00,1.0768018
